date,period,numbers
2021-08-10,110000190,08 22 23 29 31
2021-08-11,110000191,17 20 28 30 38
2021-08-12,110000192,01 03 07 19 30
2021-08-13,110000193,05 25 27 35 37
2021-08-14,110000194,03 08 18 30 37
2021-08-16,110000195,07 10 16 24 34
2021-08-17,110000196,03 17 19 35 37
2021-08-18,110000197,10 11 15 16 36
2021-08-19,110000198,08 12 19 26 38
2021-08-20,110000199,01 05 10 31 38
2021-08-21,110000200,18 24 29 31 33
2021-08-23,110000201,06 11 24 29 37
2021-08-24,110000202,08 17 20 24 27
2021-08-25,110000203,14 15 26 31 34
2021-08-26,110000204,03 11 32 36 39
2021-08-27,110000205,03 18 23 32 33
2021-08-28,110000206,02 05 12 32 37
2021-08-30,110000207,02 14 24 36 39
2021-08-31,110000208,04 15 28 29 35
2021-09-01,110000209,07 12 18 19 39
2021-09-02,110000210,04 20 27 29 35
2021-09-03,110000211,02 08 28 37 38
2021-09-04,110000212,08 15 27 33 35
2021-09-06,110000213,04 09 22 26 39
2021-09-07,110000214,01 07 15 17 38
2021-09-08,110000215,04 07 12 28 37
2021-09-09,110000216,04 12 20 23 27
2021-09-10,110000217,03 08 17 25 39
2021-09-11,110000218,04 06 12 14 25
2021-09-13,110000219,03 06 09 32 39
2021-09-14,110000220,02 06 17 19 38
2021-09-15,110000221,01 03 06 19 32
2021-09-16,110000222,07 12 16 19 33
2021-09-17,110000223,01 17 23 30 34
2021-09-18,110000224,01 05 12 22 34
2021-09-20,110000225,10 11 31 35 39
2021-09-21,110000226,10 18 29 31 34
2021-09-22,110000227,15 18 19 20 35
2021-09-23,110000228,05 12 22 32 36
2021-09-24,110000229,02 03 30 33 34
2021-09-25,110000230,04 15 16 23 30
2021-09-27,110000231,01 14 28 29 30
2021-09-28,110000232,03 09 28 32 35
2021-09-29,110000233,02 03 11 19 38
2021-09-30,110000234,06 07 19 23 35
2021-10-01,110000235,01 10 19 28 37
2021-10-02,110000236,09 15 19 20 25
2021-10-04,110000237,22 26 30 31 37
2021-10-05,110000238,05 24 25 30 39
2021-10-06,110000239,04 08 13 18 22
2021-10-07,110000240,15 16 26 28 38
2021-10-08,110000241,21 23 27 36 37
2021-10-09,110000242,06 13 20 30 36
2021-10-11,110000243,06 18 24 26 30
2021-10-12,110000244,02 16 22 24 29
2021-10-13,110000245,01 05 11 17 31
2021-10-14,110000246,04 05 11 16 33
2021-10-15,110000247,01 29 35 38 39
2021-10-16,110000248,11 12 25 28 30
2021-10-18,110000249,02 08 09 18 28
2021-10-19,110000250,10 11 20 22 34
2021-10-20,110000251,11 21 24 31 32
2021-10-21,110000252,01 04 11 34 36
2021-10-22,110000253,06 21 25 29 36
2021-10-23,110000254,04 13 22 24 34
2021-10-25,110000255,02 14 27 31 36
2021-10-26,110000256,06 10 32 34 39
2021-10-27,110000257,13 20 23 30 33
2021-10-28,110000258,14 18 20 23 39
2021-10-29,110000259,03 09 21 33 35
2021-10-30,110000260,17 26 27 33 34
2021-11-01,110000261,07 12 18 25 33
2021-11-02,110000262,02 19 22 35 38
2021-11-03,110000263,01 12 21 25 32
2021-11-04,110000264,05 15 21 32 34
2021-11-05,110000265,09 11 14 28 30
2021-11-06,110000266,02 13 24 25 32
2021-11-08,110000267,06 13 15 18 26
2021-11-09,110000268,13 23 25 27 34
2021-11-10,110000269,05 09 17 24 26
2021-11-11,110000270,13 15 17 18 35
2021-11-12,110000271,02 19 25 32 34
2021-11-13,110000272,01 02 08 26 37
2021-11-15,110000273,02 20 25 32 35
2021-11-16,110000274,01 04 07 20 32
2021-11-17,110000275,04 12 17 22 24
2021-11-18,110000276,03 15 22 32 38
2021-11-19,110000277,21 24 25 26 36
2021-11-20,110000278,08 11 23 32 36
2021-11-22,110000279,03 05 19 20 30
2021-11-23,110000280,23 27 28 35 36
2021-11-24,110000281,04 10 17 24 26
2021-11-25,110000282,10 14 16 20 24
2021-11-26,110000283,08 19 20 24 34
2021-11-27,110000284,14 15 16 25 28
2021-11-29,110000285,03 05 07 15 17
2021-11-30,110000286,01 05 06 07 24
2021-12-01,110000287,01 07 17 29 36
2021-12-02,110000288,02 17 20 23 39
2021-12-03,110000289,02 15 24 26 31
2021-12-04,110000290,13 14 32 34 36
2021-12-06,110000291,15 16 21 27 29
2021-12-07,110000292,05 09 23 30 38
2021-12-08,110000293,09 13 25 28 29
2021-12-09,110000294,08 10 11 18 28
2021-12-10,110000295,03 05 21 27 30
2021-12-11,110000296,03 13 16 31 33
2021-12-13,110000297,03 19 34 35 36
2021-12-14,110000298,11 13 33 34 35
2021-12-15,110000299,01 06 10 19 25
2021-12-16,110000300,04 13 20 28 35
2021-12-17,110000301,12 18 23 25 36
2021-12-18,110000302,14 15 21 26 33
2021-12-20,110000303,05 09 18 28 33
2021-12-21,110000304,21 23 32 34 38
2021-12-22,110000305,03 05 13 16 29
2021-12-23,110000306,06 07 16 18 25
2021-12-24,110000307,08 15 19 29 39
2021-12-25,110000308,07 10 20 31 37
2021-12-27,110000309,04 07 10 13 31
2021-12-28,110000310,14 23 34 35 36
2021-12-29,110000311,02 03 18 23 30
2021-12-30,110000312,08 10 18 20 27
2021-12-31,110000313,05 11 17 27 39
2022-01-01,111000001,04 06 07 23 36
2022-01-03,111000002,03 07 09 36 38
2022-01-04,111000003,02 05 11 27 30
2022-01-05,111000004,06 15 18 27 38
2022-01-06,111000005,01 16 22 35 39
2022-01-07,111000006,12 13 25 26 39
2022-01-08,111000007,02 04 18 30 39
2022-01-10,111000008,03 09 10 14 37
2022-01-11,111000009,02 11 17 20 36
2022-01-12,111000010,03 07 13 16 28
2022-01-13,111000011,01 05 26 28 39
2022-01-14,111000012,04 06 08 09 17
2022-01-15,111000013,14 21 27 32 33
2022-01-17,111000014,01 22 24 33 36
2022-01-18,111000015,01 16 19 26 38
2022-01-19,111000016,09 15 17 26 38
2022-01-20,111000017,03 31 33 35 38
2022-01-21,111000018,13 17 18 35 39
2022-01-22,111000019,06 27 29 32 38
2022-01-24,111000020,05 11 24 30 38
2022-01-25,111000021,08 19 20 24 37
2022-01-26,111000022,12 22 29 30 36
2022-01-27,111000023,03 09 24 34 35
2022-01-28,111000024,01 16 20 30 31
2022-01-29,111000025,08 12 18 23 38
2022-01-31,111000026,05 16 17 33 38
2022-02-01,111000027,17 20 22 38 39
2022-02-02,111000028,14 15 19 22 25
2022-02-03,111000029,09 12 25 35 39
2022-02-04,111000030,06 15 19 23 39
2022-02-05,111000031,01 02 12 19 34
2022-02-07,111000032,10 20 31 34 38
2022-02-08,111000033,08 11 19 23 34
2022-02-09,111000034,02 11 17 18 38
2022-02-10,111000035,12 14 35 37 38
2022-02-11,111000036,14 29 35 38 39
2022-02-12,111000037,04 07 11 21 22
2022-02-14,111000038,09 14 21 28 34
2022-02-15,111000039,05 09 15 29 33
2022-02-16,111000040,05 16 22 23 30
2022-02-17,111000041,04 07 15 32 37
2022-02-18,111000042,03 08 15 17 26
2022-02-19,111000043,23 27 31 34 35
2022-02-21,111000044,01 06 15 22 36
2022-02-22,111000045,08 13 23 25 37
2022-02-23,111000046,02 11 16 28 38
2022-02-24,111000047,10 11 28 30 33
2022-02-25,111000048,05 17 22 35 39
2022-02-26,111000049,13 17 24 34 35
2022-02-28,111000050,07 17 18 34 37
2022-03-01,111000051,10 15 17 28 32
2022-03-02,111000052,06 15 16 21 23
2022-03-03,111000053,05 11 16 24 27
2022-03-04,111000054,03 13 14 16 26
2022-03-05,111000055,10 12 18 30 34
2022-03-07,111000056,10 11 24 32 38
2022-03-08,111000057,09 10 11 25 35
2022-03-09,111000058,01 05 21 24 28
2022-03-10,111000059,12 14 19 33 34
2022-03-11,111000060,04 06 11 20 29
2022-03-12,111000061,07 10 14 17 20
2022-03-14,111000062,10 16 17 19 23
2022-03-15,111000063,02 04 07 30 38
2022-03-16,111000064,10 18 19 33 35
2022-03-17,111000065,18 19 26 34 37
2022-03-18,111000066,03 14 23 29 30
2022-03-19,111000067,02 10 25 26 35
2022-03-21,111000068,03 06 07 21 24
2022-03-22,111000069,09 27 29 34 35
2022-03-23,111000070,12 13 20 27 30
2022-03-24,111000071,01 12 13 19 31
2022-03-25,111000072,08 12 13 14 18
2022-03-26,111000073,03 12 22 33 39
2022-03-28,111000074,06 17 21 25 29
2022-03-29,111000075,03 16 26 27 36
2022-03-30,111000076,01 21 28 29 34
2022-03-31,111000077,05 08 12 17 19
2022-04-01,111000078,05 07 17 25 37
2022-04-02,111000079,03 13 23 26 32
2022-04-04,111000080,04 17 29 32 37
2022-04-05,111000081,07 09 31 37 39
2022-04-06,111000082,02 03 09 29 33
2022-04-07,111000083,03 07 25 36 37
2022-04-08,111000084,02 05 20 21 23
2022-04-09,111000085,02 20 26 27 37
2022-04-11,111000086,09 20 29 36 39
2022-04-12,111000087,19 23 32 34 36
2022-04-13,111000088,15 18 20 22 23
2022-04-14,111000089,11 13 17 18 29
2022-04-15,111000090,07 15 19 25 27
2022-04-16,111000091,06 07 13 20 30
2022-04-18,111000092,11 18 20 35 38
2022-04-19,111000093,10 24 25 29 32
2022-04-20,111000094,02 06 26 29 37
2022-04-21,111000095,01 05 15 19 36
2022-04-22,111000096,03 07 11 20 27
2022-04-23,111000097,10 23 26 33 39
2022-04-25,111000098,02 07 09 19 21
2022-04-26,111000099,08 20 21 25 38
2022-04-27,111000100,03 14 25 29 30
2022-04-28,111000101,10 14 16 24 36
2022-04-29,111000102,07 14 31 32 38
2022-04-30,111000103,04 13 29 32 37
2022-05-02,111000104,03 09 10 12 34
2022-05-03,111000105,08 12 14 22 28
2022-05-04,111000106,02 03 11 23 27
2022-05-05,111000107,09 18 29 31 33
2022-05-06,111000108,02 07 11 13 31
2022-05-07,111000109,01 04 14 37 38
2022-05-09,111000110,11 12 15 21 38
2022-05-10,111000111,04 10 14 19 20
2022-05-11,111000112,04 05 06 10 33
2022-05-12,111000113,03 09 22 33 37
2022-05-13,111000114,03 15 16 19 31
2022-05-14,111000115,01 12 19 22 31
2022-05-16,111000116,17 20 23 25 36
2022-05-17,111000117,24 27 31 34 37
2022-05-18,111000118,06 09 18 24 37
2022-05-19,111000119,05 15 22 35 36
2022-05-20,111000120,11 13 24 37 39
2022-05-21,111000121,01 15 24 27 36
2022-05-23,111000122,09 12 18 25 38
2022-05-24,111000123,01 09 11 14 30
2022-05-25,111000124,02 11 13 18 37
2022-05-26,111000125,09 15 27 28 30
2022-05-27,111000126,08 13 28 30 36
2022-05-28,111000127,07 23 28 30 35
2022-05-30,111000128,01 04 21 25 31
2022-05-31,111000129,03 04 12 21 22
2022-06-01,111000130,01 08 09 12 28
2022-06-02,111000131,05 22 25 27 34
2022-06-03,111000132,17 23 30 34 39
2022-06-04,111000133,07 10 32 34 37
2022-06-06,111000134,04 06 29 36 37
2022-06-07,111000135,16 17 18 19 21
2022-06-08,111000136,06 17 23 29 38
2022-06-09,111000137,01 04 12 33 34
2022-06-10,111000138,06 15 24 36 37
2022-06-11,111000139,04 09 13 32 33
2022-06-13,111000140,02 04 07 12 16
2022-06-14,111000141,01 03 13 26 27
2022-06-15,111000142,05 11 27 32 36
2022-06-16,111000143,02 06 11 13 19
2022-06-17,111000144,05 14 21 35 39
2022-06-18,111000145,07 17 19 28 29
2022-06-20,111000146,01 10 16 35 37
2022-06-21,111000147,01 16 23 31 39
2022-06-22,111000148,11 17 27 33 38
2022-06-23,111000149,04 12 19 20 33
2022-06-24,111000150,08 15 25 31 38
2022-06-25,111000151,01 08 12 31 38
2022-06-27,111000152,01 03 26 31 35
2022-06-28,111000153,08 11 17 21 38
2022-06-29,111000154,06 21 28 36 37
2022-06-30,111000155,08 10 16 24 34
2022-07-01,111000156,01 02 08 22 33
2022-07-02,111000157,03 11 20 21 28
2022-07-04,111000158,05 11 17 31 38
2022-07-05,111000159,13 16 21 22 26
2022-07-06,111000160,13 14 18 27 30
2022-07-07,111000161,09 14 18 23 35
2022-07-08,111000162,01 20 25 30 39
2022-07-09,111000163,08 12 21 24 38
2022-07-11,111000164,07 15 16 19 37
2022-07-12,111000165,01 03 05 27 31
2022-07-13,111000166,04 14 27 34 35
2022-07-14,111000167,05 16 21 25 26
2022-07-15,111000168,03 22 24 33 36
2022-07-16,111000169,10 14 25 30 35
2022-07-18,111000170,04 10 22 32 35
2022-07-19,111000171,02 11 16 25 38
2022-07-20,111000172,04 08 16 29 34
2022-07-21,111000173,04 10 12 26 36
2022-07-22,111000174,09 11 24 26 28
2022-07-23,111000175,05 27 32 33 38
2022-07-25,111000176,24 25 35 36 37
2022-07-26,111000177,02 13 19 25 29
2022-07-27,111000178,04 05 14 29 30
2022-07-28,111000179,04 09 25 28 34
2022-07-29,111000180,03 29 34 38 39
2022-07-30,111000181,05 07 12 34 38
2022-08-01,111000182,02 03 08 18 27
2022-08-02,111000183,06 11 18 22 26
2022-08-03,111000184,15 19 26 29 34
2022-08-04,111000185,02 26 28 32 37
2022-08-05,111000186,07 09 12 16 21
2022-08-06,111000187,06 11 18 21 35
2022-08-08,111000188,17 19 33 34 39
2022-08-09,111000189,09 11 31 36 39
2022-08-10,111000190,03 08 16 23 36
2022-08-11,111000191,08 09 16 21 29
2022-08-12,111000192,01 06 13 24 36
2022-08-13,111000193,02 17 22 35 36
2022-08-15,111000194,03 11 13 14 17
2022-08-16,111000195,07 10 19 26 34
2022-08-17,111000196,16 21 26 30 36
2022-08-18,111000197,04 15 20 35 36
2022-08-19,111000198,26 28 31 37 39
2022-08-20,111000199,11 13 29 31 35
2022-08-22,111000200,06 13 14 25 38
2022-08-23,111000201,05 08 12 15 24
2022-08-24,111000202,04 07 26 33 34
2022-08-25,111000203,03 10 25 28 36
2022-08-26,111000204,12 23 25 28 34
2022-08-27,111000205,12 17 19 26 36
2022-08-29,111000206,16 19 23 33 37
2022-08-30,111000207,08 29 32 36 38
2022-08-31,111000208,15 17 21 25 36
2022-09-01,111000209,02 06 08 15 17
2022-09-02,111000210,02 19 24 25 38
2022-09-03,111000211,09 10 20 27 39
2022-09-05,111000212,07 10 16 20 21
2022-09-06,111000213,04 11 17 26 36
2022-09-07,111000214,04 08 10 27 35
2022-09-08,111000215,05 14 17 34 36
2022-09-09,111000216,20 22 28 36 37
2022-09-10,111000217,06 08 25 35 37
2022-09-12,111000218,06 14 24 37 38
2022-09-13,111000219,13 14 20 33 35
2022-09-14,111000220,08 16 22 27 29
2022-09-15,111000221,04 05 18 30 35
2022-09-16,111000222,10 15 28 33 36
2022-09-17,111000223,10 18 19 25 29
2022-09-19,111000224,04 12 15 17 19
2022-09-20,111000225,07 09 11 16 39
2022-09-21,111000226,01 14 23 24 39
2022-09-22,111000227,10 14 20 24 31
2022-09-23,111000228,01 12 25 38 39
2022-09-24,111000229,17 28 34 35 38
2022-09-26,111000230,02 07 10 11 23
2022-09-27,111000231,03 27 36 37 39
2022-09-28,111000232,07 14 28 31 38
2022-09-29,111000233,03 17 22 23 25
2022-09-30,111000234,18 21 25 33 35
2022-10-01,111000235,03 05 14 15 25
2022-10-03,111000236,24 29 31 32 37
2022-10-04,111000237,06 12 17 31 35
2022-10-05,111000238,01 07 20 22 37
2022-10-06,111000239,10 11 13 22 38
2022-10-07,111000240,02 08 12 29 36
2022-10-08,111000241,06 18 21 23 35
2022-10-10,111000242,01 08 13 21 34
2022-10-11,111000243,04 07 10 15 39
2022-10-12,111000244,01 08 10 14 20
2022-10-13,111000245,09 12 15 23 29
2022-10-14,111000246,01 06 12 22 24
2022-10-15,111000247,07 08 23 30 36
2022-10-17,111000248,02 05 16 21 39
2022-10-18,111000249,07 14 16 25 27
2022-10-19,111000250,01 04 05 11 12
2022-10-20,111000251,03 04 06 11 36
2022-10-21,111000252,03 08 24 28 35
2022-10-22,111000253,01 03 07 10 23
2022-10-24,111000254,09 17 33 35 36
2022-10-25,111000255,09 19 20 22 26
2022-10-26,111000256,05 09 13 18 39
2022-10-27,111000257,09 22 29 30 39
2022-10-28,111000258,01 18 22 28 36
2022-10-29,111000259,08 16 20 25 34
2022-10-31,111000260,09 21 23 24 27
2022-11-01,111000261,14 17 18 26 33
2022-11-02,111000262,04 13 18 24 34
2022-11-03,111000263,03 18 27 31 35
2022-11-04,111000264,02 03 10 22 31
2022-11-05,111000265,01 06 17 28 32
2022-11-07,111000266,11 12 19 28 37
2022-11-08,111000267,03 14 16 19 22
2022-11-09,111000268,04 08 20 30 35
2022-11-10,111000269,13 19 23 27 31
2022-11-11,111000270,02 04 12 21 22
2022-11-12,111000271,05 13 19 31 33
2022-11-14,111000272,05 19 27 35 36
2022-11-15,111000273,02 04 15 18 33
2022-11-16,111000274,01 06 07 15 35
2022-11-17,111000275,03 13 22 27 30
2022-11-18,111000276,01 04 05 07 09
2022-11-19,111000277,17 21 22 31 35
2022-11-21,111000278,01 08 21 28 38
2022-11-22,111000279,06 10 16 19 30
2022-11-23,111000280,02 22 27 30 37
2022-11-24,111000281,04 17 27 33 37
2022-11-25,111000282,08 18 25 28 36
2022-11-26,111000283,11 18 20 24 26
2022-11-28,111000284,07 09 17 27 39
2022-11-29,111000285,08 11 14 25 29
2022-11-30,111000286,09 13 16 24 37
2022-12-01,111000287,14 16 24 26 30
2022-12-02,111000288,01 03 04 13 18
2022-12-03,111000289,11 13 21 28 29
2022-12-05,111000290,05 14 16 18 24
2022-12-06,111000291,12 13 16 18 25
2022-12-07,111000292,01 10 25 34 36
2022-12-08,111000293,16 19 21 22 23
2022-12-09,111000294,12 13 17 35 37
2022-12-10,111000295,08 10 18 29 39
2022-12-12,111000296,13 16 23 27 28
2022-12-13,111000297,01 09 12 27 28
2022-12-14,111000298,10 12 16 31 36
2022-12-15,111000299,01 06 14 18 24
2022-12-16,111000300,03 14 15 19 34
2022-12-17,111000301,03 10 11 12 24
2022-12-19,111000302,06 09 13 21 35
2022-12-20,111000303,06 09 13 25 29
2022-12-21,111000304,12 13 20 24 32
2022-12-22,111000305,03 07 09 18 33
2022-12-23,111000306,23 27 29 30 35
2022-12-24,111000307,01 03 04 31 34
2022-12-26,111000308,02 06 12 13 28
2022-12-27,111000309,08 20 31 35 38
2022-12-28,111000310,06 16 18 24 27
2022-12-29,111000311,01 08 18 25 38
2022-12-30,111000312,04 05 08 10 29
2022-12-31,111000313,01 10 15 20 26
2023-01-02,112000001,06 08 10 12 25
2023-01-03,112000002,12 14 25 30 34
2023-01-04,112000003,08 18 29 31 36
2023-01-05,112000004,17 26 29 36 39
2023-01-06,112000005,10 30 35 38 39
2023-01-07,112000006,03 06 08 23 30
2023-01-09,112000007,06 13 30 31 34
2023-01-10,112000008,02 08 18 22 29
2023-01-11,112000009,23 26 31 34 35
2023-01-12,112000010,03 14 26 29 37
2023-01-13,112000011,04 09 26 29 31
2023-01-14,112000012,04 08 12 23 29
2023-01-16,112000013,04 07 11 12 29
2023-01-17,112000014,04 06 26 28 39
2023-01-18,112000015,06 12 18 34 39
2023-01-19,112000016,01 03 12 28 34
2023-01-20,112000017,05 06 15 19 25
2023-01-21,112000018,08 12 14 28 35
2023-01-23,112000019,04 12 13 14 22
2023-01-24,112000020,06 08 16 19 31
2023-01-25,112000021,01 05 15 19 20
2023-01-26,112000022,06 10 12 33 36
2023-01-27,112000023,02 16 19 24 27
2023-01-28,112000024,09 18 29 32 38
2023-01-30,112000025,08 17 18 25 36
2023-01-31,112000026,02 03 06 23 38
2023-02-01,112000027,16 19 23 36 38
2023-02-02,112000028,11 12 27 30 38
2023-02-03,112000029,01 07 19 21 31
2023-02-04,112000030,13 15 18 22 24
2023-02-06,112000031,03 15 16 28 31
2023-02-07,112000032,01 13 25 26 27
2023-02-08,112000033,13 15 17 28 37
2023-02-09,112000034,22 32 35 38 39
2023-02-10,112000035,04 17 25 26 34
2023-02-11,112000036,07 27 30 31 39
2023-02-13,112000037,05 06 16 31 34
2023-02-14,112000038,09 12 16 28 37
2023-02-15,112000039,04 23 24 32 37
2023-02-16,112000040,05 17 25 35 39
2023-02-17,112000041,09 22 25 27 31
2023-02-18,112000042,08 12 18 20 32
2023-02-20,112000043,14 24 30 32 38
2023-02-21,112000044,02 17 25 29 37
2023-02-22,112000045,02 11 16 17 37
2023-02-23,112000046,07 11 13 17 27
2023-02-24,112000047,08 11 12 16 30
2023-02-25,112000048,04 06 27 38 39
2023-02-27,112000049,05 21 31 33 38
2023-02-28,112000050,06 08 23 27 33
2023-03-01,112000051,26 30 32 36 37
2023-03-02,112000052,01 04 09 24 37
2023-03-03,112000053,08 16 17 34 35
2023-03-04,112000054,04 09 25 32 39
2023-03-06,112000055,01 08 19 21 37
2023-03-07,112000056,05 09 10 17 19
2023-03-08,112000057,15 19 22 24 39
2023-03-09,112000058,11 26 30 38 39
2023-03-10,112000059,08 15 33 35 39
2023-03-11,112000060,04 07 14 22 24
2023-03-13,112000061,02 10 23 30 35
2023-03-14,112000062,15 18 22 24 30
2023-03-15,112000063,09 15 25 26 33
2023-03-16,112000064,10 21 25 37 38
2023-03-17,112000065,05 11 17 27 32
2023-03-18,112000066,03 07 22 30 37
2023-03-20,112000067,05 10 18 20 37
2023-03-21,112000068,03 12 16 22 38
2023-03-22,112000069,02 05 17 27 37
2023-03-23,112000070,05 12 33 36 38
2023-03-24,112000071,08 19 27 34 37
2023-03-25,112000072,06 10 24 33 35
2023-03-27,112000073,06 10 11 32 39
2023-03-28,112000074,02 05 09 10 32
2023-03-29,112000075,16 32 36 37 39
2023-03-30,112000076,07 13 18 25 39
2023-03-31,112000077,02 21 26 27 35
2023-04-01,112000078,09 10 16 21 26
2023-04-03,112000079,06 07 22 23 33
2023-04-04,112000080,02 13 27 31 38
2023-04-05,112000081,03 06 21 31 38
2023-04-06,112000082,09 11 24 37 39
2023-04-07,112000083,10 16 31 36 39
2023-04-08,112000084,08 18 20 27 31
2023-04-10,112000085,06 25 30 34 36
2023-04-11,112000086,01 05 06 37 38
2023-04-12,112000087,04 10 11 17 38
2023-04-13,112000088,13 14 18 26 29
2023-04-14,112000089,03 05 17 31 36
2023-04-15,112000090,01 09 17 31 37
2023-04-17,112000091,04 09 16 32 33
2023-04-18,112000092,11 17 21 31 33
2023-04-19,112000093,15 20 33 34 39
2023-04-20,112000094,04 19 22 29 37
2023-04-21,112000095,02 07 26 28 32
2023-04-22,112000096,10 14 21 27 29
2023-04-24,112000097,01 10 16 21 24
2023-04-25,112000098,01 05 12 34 36
2023-04-26,112000099,02 20 21 29 33
2023-04-27,112000100,03 13 22 32 39
2023-04-28,112000101,07 10 11 36 39
2023-04-29,112000102,06 08 22 32 38
2023-05-01,112000103,10 14 20 28 31
2023-05-02,112000104,01 03 05 27 29
2023-05-03,112000105,05 07 26 34 35
2023-05-04,112000106,14 23 25 26 34
2023-05-05,112000107,01 07 24 30 32
2023-05-06,112000108,04 05 26 28 32
2023-05-08,112000109,03 07 27 29 34
2023-05-09,112000110,02 04 13 23 36
2023-05-10,112000111,11 12 25 31 37
2023-05-11,112000112,04 05 09 27 34
2023-05-12,112000113,14 20 21 23 25
2023-05-13,112000114,03 12 15 27 35
2023-05-15,112000115,05 06 07 08 24
2023-05-16,112000116,13 25 27 36 38
2023-05-17,112000117,05 11 14 30 38
2023-05-18,112000118,08 20 32 34 36
2023-05-19,112000119,16 27 33 34 36
2023-05-20,112000120,01 10 24 28 34
2023-05-22,112000121,10 15 25 31 39
2023-05-23,112000122,10 14 34 35 38
2023-05-24,112000123,08 10 16 21 34
2023-05-25,112000124,14 16 18 20 33
2023-05-26,112000125,06 07 13 22 29
2023-05-27,112000126,01 18 24 25 39
2023-05-29,112000127,01 10 14 27 37
2023-05-30,112000128,05 12 15 20 21
2023-05-31,112000129,05 06 07 34 36
2023-06-01,112000130,08 18 25 27 34
2023-06-02,112000131,04 08 09 22 37
2023-06-03,112000132,03 07 13 23 34
2023-06-05,112000133,01 05 16 20 29
2023-06-06,112000134,11 18 26 29 37
2023-06-07,112000135,03 07 08 11 29
2023-06-08,112000136,01 12 15 23 38
2023-06-09,112000137,02 13 15 17 29
2023-06-10,112000138,01 08 09 19 28
2023-06-12,112000139,08 13 19 22 26
2023-06-13,112000140,24 29 34 36 37
2023-06-14,112000141,01 06 21 32 34
2023-06-15,112000142,02 11 15 18 21
2023-06-16,112000143,09 12 24 28 39
2023-06-17,112000144,02 09 20 29 36
2023-06-19,112000145,01 13 33 36 39
2023-06-20,112000146,11 25 27 34 37
2023-06-21,112000147,02 09 23 30 38
2023-06-22,112000148,06 10 33 34 39
2023-06-23,112000149,11 13 20 24 30
2023-06-24,112000150,07 10 13 14 22
2023-06-26,112000151,05 14 15 20 26
2023-06-27,112000152,04 12 14 28 39
2023-06-28,112000153,05 08 21 32 33
2023-06-29,112000154,02 10 14 17 27
2023-06-30,112000155,03 11 20 30 36
2023-07-01,112000156,07 08 12 22 39
2023-07-03,112000157,13 28 33 34 39
2023-07-04,112000158,14 26 27 29 35
2023-07-05,112000159,05 07 08 25 30
2023-07-06,112000160,02 14 17 21 33
2023-07-07,112000161,12 16 25 28 30
2023-07-08,112000162,01 04 18 24 33
2023-07-10,112000163,01 04 15 19 37
2023-07-11,112000164,24 25 35 36 38
2023-07-12,112000165,01 02 09 10 32
2023-07-13,112000166,04 06 10 19 32
2023-07-14,112000167,12 14 20 25 37
2023-07-15,112000168,08 16 19 21 22
2023-07-17,112000169,01 18 22 29 30
2023-07-18,112000170,12 15 23 29 38
2023-07-19,112000171,02 12 20 22 35
2023-07-20,112000172,13 18 20 23 31
2023-07-21,112000173,09 26 27 31 39
2023-07-22,112000174,04 09 15 24 32
2023-07-24,112000175,02 13 31 34 37
2023-07-25,112000176,15 18 19 26 32
2023-07-26,112000177,06 13 33 37 38
2023-07-27,112000178,10 13 18 37 39
2023-07-28,112000179,01 07 13 20 26
2023-07-29,112000180,15 18 20 30 37
2023-07-31,112000181,03 13 19 21 35
2023-08-01,112000182,01 03 10 15 30
2023-08-02,112000183,03 10 11 25 29
2023-08-03,112000184,03 09 12 30 33
2023-08-04,112000185,07 16 20 35 38
2023-08-05,112000186,04 09 10 15 34
2023-08-07,112000187,08 14 29 32 34
2023-08-08,112000188,07 10 19 28 29
2023-08-09,112000189,03 12 15 30 39
2023-08-10,112000190,01 13 14 30 38
2023-08-11,112000191,06 23 24 38 39
2023-08-12,112000192,08 23 27 31 32
2023-08-14,112000193,17 18 26 28 33
2023-08-15,112000194,14 23 26 33 37
2023-08-16,112000195,02 07 09 19 28
2023-08-17,112000196,04 15 18 27 34
2023-08-18,112000197,06 14 23 34 38
2023-08-19,112000198,09 14 15 23 28
2023-08-21,112000199,06 07 24 25 36
2023-08-22,112000200,09 11 12 27 36
2023-08-23,112000201,02 07 19 23 28
2023-08-24,112000202,05 14 23 29 34
2023-08-25,112000203,05 11 23 30 32
2023-08-26,112000204,06 07 09 24 27
2023-08-28,112000205,01 13 17 26 31
2023-08-29,112000206,02 04 10 13 37
2023-08-30,112000207,13 16 33 35 36
2023-08-31,112000208,11 14 19 30 39
2023-09-01,112000209,01 17 19 31 34
2023-09-02,112000210,11 15 22 25 34
2023-09-04,112000211,06 17 18 20 37
2023-09-05,112000212,12 16 20 21 34
2023-09-06,112000213,04 10 23 28 29
2023-09-07,112000214,10 24 27 36 37
2023-09-08,112000215,06 08 14 23 31
2023-09-09,112000216,11 13 31 35 39
2023-09-11,112000217,06 12 31 33 39
2023-09-12,112000218,02 16 17 21 31
2023-09-13,112000219,03 09 18 21 39
2023-09-14,112000220,05 08 10 17 28
2023-09-15,112000221,01 09 12 18 20
2023-09-16,112000222,04 14 23 25 38
2023-09-18,112000223,03 14 21 23 36
2023-09-19,112000224,10 24 26 36 39
2023-09-20,112000225,06 11 17 20 21
2023-09-21,112000226,01 04 16 25 37
2023-09-22,112000227,01 12 18 26 32
2023-09-23,112000228,20 26 32 35 39
2023-09-25,112000229,04 06 10 25 38
2023-09-26,112000230,01 03 05 28 39
2023-09-27,112000231,14 15 19 24 34
2023-09-28,112000232,04 11 14 17 19
2023-09-29,112000233,10 12 27 30 39
2023-09-30,112000234,03 14 19 20 21
2023-10-02,112000235,01 02 08 13 37
2023-10-03,112000236,01 02 12 13 30
2023-10-04,112000237,09 19 21 33 38
2023-10-05,112000238,09 12 18 26 37
2023-10-06,112000239,03 04 19 26 29
2023-10-07,112000240,03 18 26 34 35
2023-10-09,112000241,08 13 16 23 29
2023-10-10,112000242,03 05 08 18 34
2023-10-11,112000243,29 31 32 35 39
2023-10-12,112000244,24 27 33 38 39
2023-10-13,112000245,02 04 05 18 22
2023-10-14,112000246,01 04 08 16 26
2023-10-16,112000247,03 09 10 18 31
2023-10-17,112000248,06 10 13 14 38
2023-10-18,112000249,02 03 11 27 28
2023-10-19,112000250,06 07 09 11 26
2023-10-20,112000251,08 10 22 23 36
2023-10-21,112000252,04 16 22 30 34
2023-10-23,112000253,01 04 15 29 35
2023-10-24,112000254,03 28 33 36 39
2023-10-25,112000255,05 13 19 33 38
2023-10-26,112000256,10 15 16 26 37
2023-10-27,112000257,01 03 05 09 25
2023-10-28,112000258,01 05 10 31 36
2023-10-30,112000259,15 22 27 30 38
2023-10-31,112000260,03 09 29 36 39
2023-11-01,112000261,11 23 26 33 35
2023-11-02,112000262,03 06 07 33 37
2023-11-03,112000263,04 16 17 18 19
2023-11-04,112000264,05 12 24 27 37
2023-11-06,112000265,04 05 26 37 39
2023-11-07,112000266,03 04 17 25 35
2023-11-08,112000267,03 19 23 27 31
2023-11-09,112000268,02 12 30 35 36
2023-11-10,112000269,06 19 25 37 39
2023-11-11,112000270,17 31 33 34 35
2023-11-13,112000271,13 17 36 37 38
2023-11-14,112000272,01 14 19 27 37
2023-11-15,112000273,01 21 24 27 38
2023-11-16,112000274,01 02 06 13 18
2023-11-17,112000275,12 20 21 25 30
2023-11-18,112000276,02 17 22 30 36
2023-11-20,112000277,08 16 19 21 37
2023-11-21,112000278,24 26 28 37 39
2023-11-22,112000279,02 25 28 32 34
2023-11-23,112000280,03 08 13 17 37
2023-11-24,112000281,09 15 27 37 38
2023-11-25,112000282,04 11 16 20 22
2023-11-27,112000283,02 05 22 32 35
2023-11-28,112000284,15 17 28 35 38
2023-11-29,112000285,09 11 14 30 35
2023-11-30,112000286,04 12 20 22 34
2023-12-01,112000287,04 09 15 18 29
2023-12-02,112000288,22 23 31 33 36
2023-12-04,112000289,11 12 16 22 29
2023-12-05,112000290,01 07 11 14 29
2023-12-06,112000291,04 20 23 32 38
2023-12-07,112000292,03 06 07 11 22
2023-12-08,112000293,03 05 11 16 23
2023-12-09,112000294,07 08 19 20 31
2023-12-11,112000295,02 05 13 25 33
2023-12-12,112000296,05 10 22 32 38
2023-12-13,112000297,05 06 07 20 22
2023-12-14,112000298,06 08 13 35 36
2023-12-15,112000299,06 07 14 30 35
2023-12-16,112000300,08 14 16 32 38
2023-12-18,112000301,10 11 14 26 32
2023-12-19,112000302,02 16 17 26 33
2023-12-20,112000303,19 21 26 31 37
2023-12-21,112000304,03 04 05 09 10
2023-12-22,112000305,06 11 24 32 37
2023-12-23,112000306,13 17 21 25 28
2023-12-25,112000307,02 19 29 30 39
2023-12-26,112000308,11 18 23 27 37
2023-12-27,112000309,10 21 33 35 38
2023-12-28,112000310,18 20 28 30 37
2023-12-29,112000311,09 14 22 27 39
2023-12-30,112000312,04 11 17 20 32
2024-01-01,113000001,03 09 27 30 33
2024-01-02,113000002,21 22 25 30 37
2024-01-03,113000003,01 05 21 32 37
2024-01-04,113000004,11 27 28 29 37
2024-01-05,113000005,10 11 14 21 33
2024-01-06,113000006,01 16 33 37 39
2024-01-08,113000007,07 22 35 38 39
2024-01-09,113000008,09 17 19 23 27
2024-01-10,113000009,03 06 15 19 24
2024-01-11,113000010,15 23 34 36 37
2024-01-12,113000011,01 03 12 23 31
2024-01-13,113000012,14 20 27 33 38
2024-01-15,113000013,01 03 10 11 35
2024-01-16,113000014,02 05 09 27 29
2024-01-17,113000015,10 17 32 38 39
2024-01-18,113000016,10 27 31 32 33
2024-01-19,113000017,02 03 13 17 35
2024-01-20,113000018,15 20 28 36 37
2024-01-22,113000019,03 15 17 25 36
2024-01-23,113000020,08 16 18 19 35
2024-01-24,113000021,04 12 29 33 36
2024-01-25,113000022,01 14 32 34 36
2024-01-26,113000023,06 09 12 22 31
2024-01-27,113000024,01 08 09 30 35
2024-01-29,113000025,01 03 18 22 28
2024-01-30,113000026,03 11 21 23 36
2024-01-31,113000027,06 10 21 32 38
2024-02-01,113000028,10 17 19 29 37
2024-02-02,113000029,10 22 26 32 33
2024-02-03,113000030,14 20 21 23 34
2024-02-05,113000031,12 15 16 23 28
2024-02-06,113000032,06 13 16 32 39
2024-02-07,113000033,06 11 15 28 31
2024-02-08,113000034,20 25 31 35 38
2024-02-09,113000035,06 20 22 36 37
2024-02-10,113000036,03 18 19 21 22
2024-02-12,113000037,06 08 22 29 38
2024-02-13,113000038,23 24 28 30 31
2024-02-14,113000039,04 16 27 30 37
2024-02-15,113000040,02 04 15 17 30
2024-02-16,113000041,07 11 16 34 36
2024-02-17,113000042,12 18 31 38 39
2024-02-19,113000043,05 09 17 24 25
2024-02-20,113000044,21 26 29 30 34
2024-02-21,113000045,01 03 04 35 37
2024-02-22,113000046,03 05 12 15 33
2024-02-23,113000047,01 03 15 18 35
2024-02-24,113000048,02 07 10 15 33
2024-02-26,113000049,23 25 29 31 32
2024-02-27,113000050,11 27 30 31 38
2024-02-28,113000051,07 14 28 29 38
2024-02-29,113000052,07 15 22 26 37
2024-03-01,113000053,05 12 13 21 36
2024-03-02,113000054,17 19 29 36 37
2024-03-04,113000055,01 03 05 19 38
2024-03-05,113000056,26 34 36 37 39
2024-03-06,113000057,09 19 23 36 38
2024-03-07,113000058,02 06 20 23 36
2024-03-08,113000059,08 11 15 20 36
2024-03-09,113000060,05 10 27 37 38
2024-03-11,113000061,02 08 16 18 36
2024-03-12,113000062,12 21 23 38 39
2024-03-13,113000063,08 12 22 35 36
2024-03-14,113000064,18 19 22 26 28
2024-03-15,113000065,07 08 09 14 34
2024-03-16,113000066,02 06 16 27 39
2024-03-18,113000067,11 16 18 19 25
2024-03-19,113000068,10 16 26 38 39
2024-03-20,113000069,05 24 29 34 35
2024-03-21,113000070,01 02 04 13 27
2024-03-22,113000071,07 11 12 24 38
2024-03-23,113000072,07 17 27 28 33
2024-03-25,113000073,04 11 20 34 36
2024-03-26,113000074,05 07 30 35 38
2024-03-27,113000075,10 21 23 27 30
2024-03-28,113000076,01 10 16 26 29
2024-03-29,113000077,11 12 18 23 24
2024-03-30,113000078,02 12 15 24 35
2024-04-01,113000079,05 09 14 20 33
2024-04-02,113000080,04 10 12 23 26
2024-04-03,113000081,01 03 06 21 27
2024-04-04,113000082,08 14 22 27 35
2024-04-05,113000083,01 13 31 34 35
2024-04-06,113000084,04 07 15 22 30
2024-04-08,113000085,03 09 21 27 36
2024-04-09,113000086,12 21 24 25 39
2024-04-10,113000087,02 03 21 26 30
2024-04-11,113000088,13 15 18 19 33
2024-04-12,113000089,01 03 10 14 31
2024-04-13,113000090,01 02 09 19 31
2024-04-15,113000091,03 09 10 13 17
2024-04-16,113000092,06 17 21 26 28
2024-04-17,113000093,15 28 35 36 39
2024-04-18,113000094,06 13 15 25 28
2024-04-19,113000095,02 10 21 22 38
2024-04-20,113000096,03 12 20 34 35
2024-04-22,113000097,06 14 20 28 35
2024-04-23,113000098,17 18 32 35 37
2024-04-24,113000099,03 06 10 17 28
2024-04-25,113000100,16 20 21 22 25
2024-04-26,113000101,10 14 25 31 36
2024-04-27,113000102,09 15 22 34 36
2024-04-29,113000103,04 10 12 21 27
2024-04-30,113000104,03 07 12 17 37
2024-05-01,113000105,09 24 32 36 39
2024-05-02,113000106,03 06 13 28 35
2024-05-03,113000107,05 06 11 16 37
2024-05-04,113000108,02 07 13 18 28
2024-05-06,113000109,12 28 31 35 39
2024-05-07,113000110,04 09 18 25 39
2024-05-08,113000111,12 13 16 26 37
2024-05-09,113000112,05 06 11 31 35
2024-05-10,113000113,01 12 31 38 39
2024-05-11,113000114,01 07 11 15 29
2024-05-13,113000115,04 14 33 36 37
2024-05-14,113000116,07 11 18 20 22
2024-05-15,113000117,04 06 14 26 33
2024-05-16,113000118,09 10 21 33 35
2024-05-17,113000119,14 19 27 30 38
2024-05-18,113000120,05 10 11 32 37
2024-05-20,113000121,03 05 28 32 34
2024-05-21,113000122,01 03 16 24 31
2024-05-22,113000123,11 13 15 23 29
2024-05-23,113000124,14 23 26 27 34
2024-05-24,113000125,05 16 22 26 39
2024-05-25,113000126,01 15 32 34 38
2024-05-27,113000127,05 13 14 17 24
2024-05-28,113000128,16 23 29 36 39
2024-05-29,113000129,01 07 09 20 32
2024-05-30,113000130,02 09 32 36 37
2024-05-31,113000131,08 12 13 23 36
2024-06-01,113000132,04 20 24 28 38
2024-06-03,113000133,06 10 21 24 31
2024-06-04,113000134,07 11 17 23 25
2024-06-05,113000135,03 04 06 14 20
2024-06-06,113000136,03 11 20 21 36
2024-06-07,113000137,01 04 27 34 35
2024-06-08,113000138,11 19 24 31 32
2024-06-10,113000139,18 19 30 33 38
2024-06-11,113000140,03 13 26 32 34
2024-06-12,113000141,14 19 20 29 32
2024-06-13,113000142,03 12 17 30 38
2024-06-14,113000143,01 02 17 20 37
2024-06-15,113000144,05 08 35 36 37
2024-06-17,113000145,02 08 26 32 34
2024-06-18,113000146,02 09 15 29 38
2024-06-19,113000147,02 10 11 14 22
2024-06-20,113000148,12 13 16 20 32
2024-06-21,113000149,10 12 15 16 23
2024-06-22,113000150,01 21 22 25 27
2024-06-24,113000151,03 13 17 32 39
2024-06-25,113000152,25 26 32 36 37
2024-06-26,113000153,02 21 37 38 39
2024-06-27,113000154,15 18 27 28 31
2024-06-28,113000155,12 16 25 27 39
2024-06-29,113000156,02 17 26 33 35
2024-07-01,113000157,08 11 17 19 23
2024-07-02,113000158,03 15 16 20 22
2024-07-03,113000159,04 20 25 33 34
2024-07-04,113000160,09 12 15 26 33
2024-07-05,113000161,17 18 23 24 28
2024-07-06,113000162,04 21 24 33 35
2024-07-08,113000163,11 17 20 22 29
2024-07-09,113000164,02 13 31 33 36
2024-07-10,113000165,01 09 14 31 33
2024-07-11,113000166,01 02 13 23 37
2024-07-12,113000167,08 17 18 19 36
2024-07-13,113000168,16 21 23 29 30
2024-07-15,113000169,01 19 22 25 37
2024-07-16,113000170,07 24 26 34 36
2024-07-17,113000171,08 10 26 28 37
2024-07-18,113000172,05 17 24 33 34
2024-07-19,113000173,14 19 24 30 36
2024-07-20,113000174,01 11 27 29 31
2024-07-22,113000175,06 20 26 30 34
2024-07-23,113000176,07 11 12 37 38
2024-07-24,113000177,02 03 21 23 34
2024-07-25,113000178,01 09 17 18 39
2024-07-26,113000179,11 12 18 20 36
2024-07-27,113000180,01 11 15 18 37
2024-07-29,113000181,01 12 14 24 30
2024-07-30,113000182,02 04 16 29 38
2024-07-31,113000183,12 18 36 37 38
2024-08-01,113000184,12 24 27 30 35
2024-08-02,113000185,01 19 22 24 38
2024-08-03,113000186,11 12 26 27 32
2024-08-05,113000187,06 07 11 17 36
2024-08-06,113000188,01 06 12 29 37
2024-08-07,113000189,04 05 16 19 30
2024-08-08,113000190,02 09 13 19 28
2024-08-09,113000191,02 07 08 10 12
2024-08-10,113000192,01 21 28 38 39
2024-08-12,113000193,08 12 24 28 34
2024-08-13,113000194,09 15 20 28 32
2024-08-14,113000195,06 09 24 30 34
2024-08-15,113000196,07 14 20 27 39
2024-08-16,113000197,09 17 18 32 35
2024-08-17,113000198,06 14 32 33 36
2024-08-19,113000199,02 09 12 16 36
2024-08-20,113000200,07 28 30 34 39
2024-08-21,113000201,01 02 12 13 22
2024-08-22,113000202,02 08 16 34 37
2024-08-23,113000203,09 11 30 34 39
2024-08-24,113000204,25 26 28 29 37
2024-08-26,113000205,05 09 11 23 33
2024-08-27,113000206,05 13 21 34 35
2024-08-28,113000207,06 16 34 35 36
2024-08-29,113000208,04 21 26 29 36
2024-08-30,113000209,03 05 14 22 36
2024-08-31,113000210,09 15 21 36 37
2024-09-02,113000211,16 20 24 31 37
2024-09-03,113000212,11 14 19 23 24
2024-09-04,113000213,09 26 27 31 35
2024-09-05,113000214,10 13 27 32 37
2024-09-06,113000215,14 27 31 36 39
2024-09-07,113000216,05 09 28 36 38
2024-09-09,113000217,05 16 17 36 37
2024-09-10,113000218,06 34 35 36 39
2024-09-11,113000219,05 08 14 20 26
2024-09-12,113000220,03 08 13 27 33
2024-09-13,113000221,06 08 25 37 39
2024-09-14,113000222,03 29 34 35 37
2024-09-16,113000223,12 15 18 19 26
2024-09-17,113000224,07 09 31 38 39
2024-09-18,113000225,02 09 16 18 23
2024-09-19,113000226,16 19 22 26 37
2024-09-20,113000227,04 07 30 32 38
2024-09-21,113000228,09 22 25 35 39
2024-09-23,113000229,04 12 14 17 35
2024-09-24,113000230,04 10 19 30 31
2024-09-25,113000231,02 05 10 12 37
2024-09-26,113000232,04 06 14 16 20
2024-09-27,113000233,03 27 34 37 39
2024-09-28,113000234,10 20 24 35 39
2024-09-30,113000235,07 10 24 27 31
2024-10-01,113000236,20 23 30 31 35
2024-10-02,113000237,07 08 13 22 34
2024-10-03,113000238,01 06 15 19 39
2024-10-04,113000239,05 11 27 38 39
2024-10-05,113000240,02 05 08 14 32
2024-10-07,113000241,02 10 17 21 39
2024-10-08,113000242,01 11 13 25 37
2024-10-09,113000243,12 17 25 31 34
2024-10-10,113000244,03 25 29 35 38
2024-10-11,113000245,14 15 16 24 29
2024-10-12,113000246,14 21 22 23 35
2024-10-14,113000247,04 14 19 25 32
2024-10-15,113000248,02 19 27 33 35
2024-10-16,113000249,15 20 27 30 31
2024-10-17,113000250,01 18 21 36 37
2024-10-18,113000251,04 11 26 34 38
2024-10-19,113000252,11 15 24 36 37
2024-10-21,113000253,01 09 17 31 35
2024-10-22,113000254,07 16 25 32 34
2024-10-23,113000255,10 18 19 26 37
2024-10-24,113000256,01 04 08 20 22
2024-10-25,113000257,06 08 15 28 39
2024-10-26,113000258,13 15 18 26 28
2024-10-28,113000259,01 06 13 22 39
2024-10-29,113000260,09 12 25 29 35
2024-10-30,113000261,10 11 17 24 33
2024-10-31,113000262,08 13 25 36 38
2024-11-01,113000263,04 08 11 19 31
2024-11-02,113000264,06 07 16 37 38
2024-11-04,113000265,03 07 10 26 35
2024-11-05,113000266,01 08 18 27 30
2024-11-06,113000267,06 11 14 18 22
2024-11-07,113000268,06 10 20 25 32
2024-11-08,113000269,01 09 13 31 32
2024-11-09,113000270,02 03 10 21 36
2024-11-11,113000271,07 14 20 24 26
2024-11-12,113000272,05 08 17 24 28
2024-11-13,113000273,03 11 18 21 35
2024-11-14,113000274,05 11 17 25 30
2024-11-15,113000275,02 18 27 29 39
2024-11-16,113000276,04 24 29 33 37
2024-11-18,113000277,03 05 23 26 27
2024-11-19,113000278,10 14 21 32 33
2024-11-20,113000279,13 20 30 31 33
2024-11-21,113000280,04 12 13 23 25
2024-11-22,113000281,03 07 08 17 30
2024-11-23,113000282,03 13 28 29 38
2024-11-25,113000283,03 06 19 20 38
2024-11-26,113000284,01 05 11 27 29
2024-11-27,113000285,07 13 14 21 35
2024-11-28,113000286,05 09 20 29 34
2024-11-29,113000287,03 11 18 25 35
2024-11-30,113000288,04 11 16 17 24
2024-12-02,113000289,05 13 23 29 38
2024-12-03,113000290,07 12 15 16 18
2024-12-04,113000291,12 27 33 35 38
2024-12-05,113000292,05 19 23 28 39
2024-12-06,113000293,02 15 20 33 38
2024-12-07,113000294,06 24 31 32 33
2024-12-09,113000295,08 09 20 28 32
2024-12-10,113000296,07 12 13 21 24
2024-12-11,113000297,04 22 32 34 37
2024-12-12,113000298,02 11 16 23 29
2024-12-13,113000299,02 09 20 34 38
2024-12-14,113000300,03 07 08 12 35
2024-12-16,113000301,05 11 21 23 26
2024-12-17,113000302,03 05 07 16 31
2024-12-18,113000303,03 24 27 33 37
2024-12-19,113000304,07 08 11 27 33
2024-12-20,113000305,03 09 16 19 26
2024-12-21,113000306,12 13 14 18 32
2024-12-23,113000307,02 06 13 18 22
2024-12-24,113000308,01 14 15 28 39
2024-12-25,113000309,06 18 21 29 38
2024-12-26,113000310,05 07 12 20 38
2024-12-27,113000311,07 15 19 20 38
2024-12-28,113000312,17 18 24 26 30
2024-12-30,113000313,03 20 23 27 31
2024-12-31,113000314,11 15 32 33 34
2025-01-01,114000001,02 07 08 10 14
2025-01-02,114000002,12 26 30 32 33
2025-01-03,114000003,05 06 08 11 14
2025-01-04,114000004,08 09 12 21 23
2025-01-06,114000005,07 21 22 27 35
2025-01-07,114000006,13 23 27 31 37
2025-01-08,114000007,12 18 20 24 31
2025-01-09,114000008,02 08 19 21 29
2025-01-10,114000009,09 11 15 18 20
2025-01-11,114000010,05 12 13 19 34
2025-01-13,114000011,04 12 28 35 38
2025-01-14,114000012,10 22 31 35 36
2025-01-15,114000013,03 21 22 26 39
2025-01-16,114000014,09 13 23 29 34
2025-01-17,114000015,04 07 08 24 26
2025-01-18,114000016,07 12 18 35 39
2025-01-20,114000017,03 12 19 32 34
2025-01-21,114000018,01 14 18 19 22
2025-01-22,114000019,06 19 23 26 30
2025-01-23,114000020,04 07 17 22 35
2025-01-24,114000021,05 09 12 14 31
2025-01-25,114000022,01 07 32 36 37
2025-01-26,114000023,07 08 09 17 20
2025-01-27,114000024,01 06 16 26 31
2025-01-28,114000025,13 22 23 24 35
2025-01-29,114000026,04 11 25 31 32
2025-01-30,114000027,09 11 14 18 27
2025-01-31,114000028,01 05 09 14 26
2025-02-01,114000029,01 10 23 32 37
2025-02-02,114000030,09 16 29 32 39
2025-02-03,114000031,04 16 21 23 37
2025-02-04,114000032,01 08 16 19 31
2025-02-05,114000033,06 07 08 14 39
2025-02-06,114000034,03 07 22 29 34
2025-02-07,114000035,16 21 26 29 37
2025-02-08,114000036,08 24 28 37 38
2025-02-09,114000037,04 05 27 35 37
2025-02-10,114000038,12 22 26 28 35
2025-02-11,114000039,10 18 19 27 28
2025-02-12,114000040,02 06 19 28 29
2025-02-13,114000041,02 07 11 20 30
2025-02-14,114000042,11 17 29 34 39
2025-02-15,114000043,06 08 10 21 26
2025-02-17,114000044,09 15 29 30 39
2025-02-18,114000045,10 12 13 19 33
2025-02-19,114000046,03 27 28 33 38
2025-02-20,114000047,03 07 17 24 27
2025-02-21,114000048,11 13 18 30 35
2025-02-22,114000049,04 07 11 19 22
2025-02-24,114000050,08 17 18 24 36
2025-02-25,114000051,05 11 26 33 35
2025-02-26,114000052,03 11 24 27 36
2025-02-27,114000053,11 12 20 28 29
2025-02-28,114000054,05 27 31 38 39
2025-03-01,114000055,04 16 29 31 34
2025-03-03,114000056,08 09 12 22 27
2025-03-04,114000057,11 18 21 23 36
2025-03-05,114000058,15 23 29 36 39
2025-03-06,114000059,08 12 15 18 34
2025-03-07,114000060,09 10 19 33 35
2025-03-08,114000061,17 23 24 27 35
2025-03-10,114000062,02 04 07 25 37
2025-03-11,114000063,02 21 24 27 31
2025-03-12,114000064,06 14 27 30 33
2025-03-13,114000065,03 04 07 11 30
2025-03-14,114000066,06 08 18 19 28
2025-03-15,114000067,08 15 25 26 34
2025-03-17,114000068,07 11 13 26 30
2025-03-18,114000069,03 13 15 19 25
2025-03-19,114000070,11 15 25 29 34
2025-03-20,114000071,02 16 17 27 32
2025-03-21,114000072,05 09 15 20 26
2025-03-22,114000073,05 13 16 24 28
2025-03-24,114000074,07 25 32 34 35
2025-03-25,114000075,04 20 24 27 38
2025-03-26,114000076,01 10 12 32 35
2025-03-27,114000077,05 25 33 36 37
2025-03-28,114000078,13 24 25 36 39
2025-03-29,114000079,04 09 12 17 27
2025-03-31,114000080,07 10 13 23 26
2025-04-01,114000081,05 13 17 19 31
2025-04-02,114000082,04 08 29 32 34
2025-04-03,114000083,05 16 23 31 39
2025-04-04,114000084,03 06 07 36 38
2025-04-05,114000085,12 13 14 15 24
2025-04-07,114000086,01 06 19 26 33
2025-04-08,114000087,06 17 18 19 32
2025-04-09,114000088,04 06 14 24 35
2025-04-10,114000089,14 19 22 26 28
2025-04-11,114000090,15 17 26 27 35
2025-04-12,114000091,09 11 15 25 31
2025-04-14,114000092,09 10 22 30 33
2025-04-15,114000093,02 03 16 27 39
2025-04-16,114000094,07 22 25 29 38
2025-04-17,114000095,03 06 23 24 37
2025-04-18,114000096,07 24 28 31 36
2025-04-19,114000097,14 19 21 26 36
2025-04-21,114000098,02 06 12 14 24
2025-04-22,114000099,08 19 23 27 31
2025-04-23,114000100,01 16 19 27 33
2025-04-24,114000101,04 06 25 29 35
2025-04-25,114000102,01 05 24 33 36
2025-04-26,114000103,20 23 32 35 38
2025-04-28,114000104,06 12 17 38 39
2025-04-29,114000105,01 07 13 18 35
2025-04-30,114000106,22 26 30 31 38
2025-05-01,114000107,08 19 25 27 39
2025-05-02,114000108,05 12 20 24 28
2025-05-03,114000109,01 10 19 27 31
2025-05-05,114000110,04 05 08 10 11
2025-05-06,114000111,06 11 18 37 39
2025-05-07,114000112,07 09 21 28 38
2025-05-08,114000113,07 10 26 28 33
2025-05-09,114000114,04 11 19 21 34
2025-05-10,114000115,06 09 20 27 36
2025-05-12,114000116,08 10 26 27 38
2025-05-13,114000117,04 10 20 23 29
2025-05-14,114000118,01 14 18 24 38
2025-05-15,114000119,02 04 15 25 36
2025-05-16,114000120,02 13 24 27 39
2025-05-17,114000121,03 09 24 30 39
2025-05-19,114000122,04 07 14 25 35
2025-05-20,114000123,10 22 23 26 38
2025-05-21,114000124,10 16 31 34 38
2025-05-22,114000125,01 08 17 21 35
2025-05-23,114000126,13 16 24 27 32
2025-05-24,114000127,14 18 29 35 36
2025-05-26,114000128,08 15 21 24 34
2025-05-27,114000129,04 08 23 33 38
2025-05-28,114000130,09 13 15 24 33
2025-05-29,114000131,04 18 28 30 31
2025-05-30,114000132,14 20 21 34 35
2025-05-31,114000133,14 18 20 29 35
2025-06-02,114000134,02 07 11 16 21
2025-06-03,114000135,07 20 21 25 34
2025-06-04,114000136,20 30 33 36 38
2025-06-05,114000137,07 14 19 35 39
2025-06-06,114000138,02 12 14 25 30
2025-06-07,114000139,04 16 22 23 32
2025-06-09,114000140,08 20 27 29 30
2025-06-10,114000141,07 12 16 29 38
2025-06-11,114000142,04 17 19 21 31
2025-06-12,114000143,11 14 15 19 32
2025-06-13,114000144,04 05 10 12 38
2025-06-14,114000145,02 15 17 23 37
2025-06-16,114000146,06 08 09 33 36
2025-06-17,114000147,02 12 14 26 37
2025-06-18,114000148,07 12 23 26 36
2025-06-19,114000149,12 14 15 17 24
2025-06-20,114000150,02 05 08 17 24
2025-06-21,114000151,03 08 15 24 39
2025-06-23,114000152,03 14 22 31 38
2025-06-24,114000153,01 10 12 20 31
2025-06-25,114000154,02 11 28 30 37
2025-06-26,114000155,01 06 13 24 29
2025-06-27,114000156,03 04 10 19 37
2025-06-28,114000157,12 22 29 33 34
2025-06-30,114000158,07 08 11 23 31
2025-07-01,114000159,06 08 11 19 38
2025-07-02,114000160,06 13 21 24 38
2025-07-03,114000161,10 21 22 26 27
2025-07-04,114000162,05 24 31 36 39
2025-07-05,114000163,08 14 22 24 35
2025-07-07,114000164,14 25 27 35 38
2025-07-08,114000165,03 04 24 27 33
2025-07-09,114000166,13 18 27 28 37
2025-07-10,114000167,02 03 04 34 36
2025-07-11,114000168,09 26 37 38 39
2025-07-12,114000169,03 19 20 21 26
2025-07-14,114000170,08 11 12 29 36
2025-07-15,114000171,09 16 21 22 38
2025-07-16,114000172,15 18 24 31 32
2025-07-17,114000173,04 06 11 29 37
2025-07-18,114000174,12 21 22 38 39
2025-07-19,114000175,07 11 14 26 27
2025-07-21,114000176,01 06 11 22 34
2025-07-22,114000177,19 21 27 32 39
2025-07-23,114000178,16 18 23 36 39
2025-07-24,114000179,02 06 09 29 32
2025-07-25,114000180,05 07 10 26 30
2025-07-26,114000181,14 15 18 23 29
2025-07-28,114000182,04 16 22 23 30
2025-07-29,114000183,01 06 10 13 27
2025-07-30,114000184,17 22 24 30 32
2025-07-31,114000185,11 12 17 34 36
2025-08-01,114000186,02 13 18 33 34
2025-08-02,114000187,03 14 22 25 31
2025-08-04,114000188,03 21 23 25 26
2025-08-05,114000189,13 20 21 32 37
2025-08-06,114000190,06 10 24 28 38
2025-08-07,114000191,10 20 28 30 37
2025-08-08,114000192,11 25 27 30 34
2025-08-09,114000193,01 09 27 29 30
2025-08-11,114000194,01 14 22 26 28
2025-08-12,114000195,01 09 17 25 30
2025-08-13,114000196,11 23 26 32 34
2025-08-14,114000197,10 12 14 31 35
2025-08-15,114000198,01 05 16 18 26
2025-08-16,114000199,15 18 22 24 31
2025-08-18,114000200,09 12 18 27 29
2025-08-19,114000201,06 07 18 31 35
2025-08-20,114000202,15 18 29 31 39
2025-08-21,114000203,16 27 28 29 33
2025-08-22,114000204,06 07 21 37 38
2025-08-23,114000205,04 05 08 27 39
2025-08-25,114000206,06 12 15 23 26
2025-08-26,114000207,02 05 24 38 39
2025-08-27,114000208,03 05 28 30 32
2025-08-28,114000209,05 07 21 23 29
2025-08-29,114000210,07 20 21 30 38
2025-08-30,114000211,04 05 07 13 14
2025-09-01,114000212,21 24 28 29 35
2025-09-02,114000213,05 08 10 23 25
2025-09-03,114000214,14 15 20 21 23
2025-09-04,114000215,06 07 24 27 34
2025-09-05,114000216,07 09 29 32 38
2025-09-06,114000217,08 14 25 28 31
2025-09-08,114000218,07 11 20 28 38
2025-09-09,114000219,08 20 23 25 26
2025-09-10,114000220,12 14 16 28 39
2025-09-11,114000221,06 18 26 28 36
2025-09-12,114000222,09 12 16 26 34
2025-09-13,114000223,02 25 32 35 36
2025-09-15,114000224,07 09 10 12 28
2025-09-16,114000225,02 09 19 21 33
2025-09-17,114000226,04 06 07 12 38
2025-09-18,114000227,05 12 14 23 33
2025-09-19,114000228,02 11 22 24 31
2025-09-20,114000229,05 08 11 13 22
2025-09-22,114000230,07 09 12 14 33
2025-09-23,114000231,06 19 20 33 37
2025-09-24,114000232,04 22 23 35 39
2025-09-25,114000233,02 10 13 28 32
2025-09-26,114000234,03 07 14 25 34
2025-09-27,114000235,03 11 13 28 37
2025-09-29,114000236,03 15 21 29 37
2025-09-30,114000237,14 20 21 28 33
2025-10-01,114000238,03 05 12 22 27
2025-10-02,114000239,10 19 25 36 39
2025-10-03,114000240,10 16 19 21 28
2025-10-04,114000241,03 04 10 18 39
2025-10-06,114000242,03 05 06 12 13
2025-10-07,114000243,01 16 20 28 34
2025-10-08,114000244,03 09 26 38 39
2025-10-09,114000245,02 04 12 15 29
2025-10-10,114000246,03 06 24 31 36
2025-10-11,114000247,04 09 19 22 34
2025-10-13,114000248,08 13 14 22 36
2025-10-14,114000249,04 05 09 18 24
2025-10-15,114000250,04 07 19 33 39
2025-10-16,114000251,04 18 21 30 37
2025-10-17,114000252,01 21 31 32 34
2025-10-18,114000253,02 17 32 35 38
2025-10-20,114000254,06 13 22 23 27
2025-10-21,114000255,13 22 30 37 38
2025-10-22,114000256,03 04 20 25 28
2025-10-23,114000257,08 15 27 37 38
2025-10-24,114000258,08 11 13 37 38
2025-10-25,114000259,03 04 11 21 34
2025-10-27,114000260,03 20 26 31 37
2025-10-28,114000261,18 20 25 29 31
2025-10-29,114000262,26 32 33 36 39
2025-10-30,114000263,05 27 28 31 37
2025-10-31,114000264,11 18 25 26 33
2025-11-01,114000265,08 12 19 27 28
2025-11-03,114000266,24 25 34 36 37
2025-11-04,114000267,01 07 12 29 39
2025-11-05,114000268,11 14 15 27 39
2025-11-06,114000269,07 24 28 31 32
2025-11-07,114000270,22 27 30 32 37
2025-11-08,114000271,07 08 09 26 34
2025-11-10,114000272,07 14 15 17 30
2025-11-11,114000273,05 19 31 34 39
2025-11-12,114000274,01 04 09 14 22
2025-11-13,114000275,13 18 20 23 36
2025-11-14,114000276,02 11 15 37 38
2025-11-15,114000277,12 20 25 28 29
2025-11-17,114000278,04 07 16 26 29
2025-11-18,114000279,14 24 31 36 37
2025-11-19,114000280,03 11 20 28 31
2025-11-20,114000281,01 05 33 36 38
2025-11-21,114000282,05 10 17 28 35
2025-11-22,114000283,10 13 32 33 37
2025-11-24,114000284,02 04 05 17 31
2025-11-25,114000285,09 30 36 38 39
2025-11-26,114000286,07 13 26 28 34
2025-11-27,114000287,07 19 22 25 28
2025-11-28,114000288,08 13 14 22 28
2025-11-29,114000289,08 27 30 33 36
2025-12-01,114000290,02 03 04 20 24
2025-12-02,114000291,02 05 08 13 29
2025-12-03,114000292,05 09 14 33 35
2025-12-04,114000293,01 07 20 25 37
2025-12-05,114000294,02 03 16 17 29
2025-12-06,114000295,06 22 23 24 32
2025-12-08,114000296,05 23 27 28 31
2025-12-09,114000297,07 08 15 30 39
2025-12-10,114000298,04 07 11 16 26
2025-12-11,114000299,02 06 17 25 26
2025-12-12,114000300,10 24 26 28 35
2025-12-13,114000301,02 09 21 31 38
2025-12-15,114000302,03 17 27 29 38
2025-12-16,114000303,02 10 14 33 35
2025-12-17,114000304,05 06 07 19 32
2025-12-18,114000305,04 09 32 33 36
2025-12-19,114000306,12 16 23 27 30
2025-12-20,114000307,01 05 16 35 38
2025-12-22,114000308,02 22 24 27 38
2025-12-23,114000309,09 22 24 30 35
2025-12-24,114000310,02 03 14 25 30
2025-12-25,114000311,14 18 28 36 39
2025-12-26,114000312,01 10 20 27 36
2025-12-27,114000313,01 15 19 28 38
2025-12-29,114000314,05 10 13 29 37
2025-12-30,114000315,11 12 24 27 33
2025-12-31,114000316,08 10 11 26 35
2026-01-01,115000001,15 16 18 29 36
2026-01-02,115000002,17 18 25 36 39
2026-01-03,115000003,22 23 31 32 38
2026-01-05,115000004,10 16 18 34 39
2026-01-06,115000005,01 02 06 11 33
2026-01-07,115000006,05 10 14 15 28
2026-01-08,115000007,03 08 10 21 30
2026-01-09,115000008,01 12 14 22 34
2026-01-10,115000009,11 25 26 34 38
2026-01-12,115000010,03 13 18 24 30
2026-01-13,115000011,06 16 17 19 31
2026-01-14,115000012,01 02 16 33 35
2026-01-15,115000013,01 02 03 19 36
2026-01-16,115000014,18 19 22 27 29
2026-01-17,115000015,02 10 11 24 37
2026-01-19,115000016,12 16 23 24 29
2026-01-20,115000017,16 19 23 25 34
2026-01-21,115000018,04 15 23 27 38
2026-01-22,115000019,03 06 11 30 34
2026-01-23,115000020,03 11 12 21 31
2026-01-24,115000021,06 07 15 35 37
2026-01-26,115000022,06 15 23 26 30
2026-01-27,115000023,05 17 18 23 32
2026-01-28,115000024,10 11 23 24 29
2026-01-29,115000025,06 11 28 36 37
2026-01-30,115000026,16 17 29 30 36
2026-01-31,115000027,05 12 16 21 32
2026-02-02,115000028,06 08 31 37 38
2026-02-03,115000029,03 05 11 15 23
2026-02-04,115000030,08 17 22 27 28
2026-02-05,115000031,08 09 13 32 35
2026-02-06,115000032,01 06 29 32 34
2026-02-07,115000033,03 08 22 27 32
2026-02-09,115000034,16 21 25 31 35
2026-02-10,115000035,10 11 17 22 36
2026-02-11,115000036,11 15 18 29 33
2026-02-12,115000037,01 12 21 35 37
2026-02-13,115000038,04 28 31 33 34
2026-02-14,115000039,01 03 13 31 36
2026-02-15,115000040,11 13 18 22 34
2026-02-16,115000041,05 07 15 18 34
2026-02-17,115000042,06 08 11 20 21
2026-02-18,115000043,08 10 12 32 33
2026-02-19,115000044,08 15 19 25 27
2026-02-20,115000045,04 11 22 23 27
2026-02-21,115000046,01 08 19 20 25
2026-02-22,115000047,08 13 16 24 25
2026-02-23,115000048,03 10 12 27 36
2026-02-24,115000049,16 23 25 32 36
2026-02-25,115000050,05 22 28 35 36
2026-02-26,115000051,03 06 09 31 39
2026-02-27,115000052,01 22 23 37 39
2026-02-28,115000053,02 04 13 26 27
2026-03-01,115000054,02 08 15 29 31
2026-03-02,115000055,03 12 20 21 27
2026-03-03,115000056,02 19 21 32 35
2026-03-04,115000057,04 08 12 16 17
2026-03-05,115000058,01 04 08 12 36
2026-03-06,115000059,19 24 29 32 34
2026-03-07,115000060,15 17 18 34 36
2026-03-09,115000061,07 12 15 32 38
2026-03-10,115000062,11 12 14 17 32
2026-03-11,115000063,05 15 26 37 38
2026-03-12,115000064,04 05 07 23 35
2026-03-13,115000065,02 05 11 12 15
2026-03-14,115000066,08 10 18 20 34
2026-03-16,115000067,17 19 21 29 34
2026-03-17,115000068,11 13 19 22 27
2026-03-18,115000069,21 22 31 32 35
2026-03-19,115000070,05 23 25 30 37
2026-03-20,115000071,03 11 15 33 39
2026-03-21,115000072,07 14 15 19 22
2026-03-23,115000073,07 12 24 29 35
2026-03-24,115000074,10 20 28 29 36
2026-03-25,115000075,03 13 31 33 36
2026-03-26,115000076,14 17 20 24 37
2026-03-27,115000077,08 18 24 34 35
2026-03-28,115000078,06 09 11 16 17
2026-03-30,115000079,06 08 20 22 32
2026-03-31,115000080,09 16 23 35 39
2026-04-01,115000081,03 10 11 13 23
2026-04-02,115000082,01 09 13 18 21
2026-04-03,115000083,06 08 09 25 35
2026-04-04,115000084,04 17 25 31 36
2026-04-06,115000085,07 11 17 31 34
2026-04-07,115000086,04 08 21 27 29
2026-04-08,115000087,02 04 05 06 29
2026-04-09,115000088,02 15 25 31 38
2026-04-10,115000089,09 21 25 27 30
2026-04-11,115000090,07 12 17 24 31
2026-04-13,115000091,18 30 31 37 38
2026-04-14,115000092,09 14 27 29 33
2026-04-15,115000093,02 09 11 29 30
2026-04-16,115000094,06 08 12 21 30
2026-04-17,115000095,01 02 07 16 26
2026-04-18,115000096,07 25 26 29 31
2026-04-20,115000097,03 04 05 20 36
2026-04-21,115000098,01 06 14 26 28
2026-04-22,115000099,05 07 24 38 39
2026-04-23,115000100,02 10 17 25 35
2026-04-24,115000101,16 21 25 29 34
2026-04-25,115000102,03 20 21 22 33
2026-04-27,115000103,08 18 20 23 27
2026-04-28,115000104,07 08 21 35 38
2026-04-29,115000105,02 06 22 32 36
2026-04-30,115000106,06 15 27 30 31
2026-05-01,115000107,02 03 14 16 20
2026-05-02,115000108,08 09 17 25 38
2026-05-04,115000109,08 22 26 36 39
2026-05-05,115000110,08 16 24 27 37
2026-05-06,115000111,04 10 11 34 39
2026-05-07,115000112,01 06 18 25 36
2026-05-08,115000113,18 19 23 26 28
2026-05-09,115000114,11 18 21 22 25
2026-05-11,115000115,02 13 21 36 37
2026-05-12,115000116,01 04 12 22 26
2026-05-13,115000117,02 06 07 09 23
2026-05-14,115000118,08 18 28 35 39
2026-05-15,115000119,01 13 23 25 36
2026-05-16,115000120,02 11 28 32 33
2026-05-18,115000121,08 15 20 32 33
2026-05-19,115000122,04 06 24 31 32
2026-05-20,115000123,01 20 21 23 35
2026-05-21,115000124,09 25 28 34 36
2026-05-22,115000125,04 08 15 16 37
2026-05-23,115000126,06 15 16 24 38
2026-05-25,115000127,05 06 12 36 37
2026-05-26,115000128,02 07 11 14 37
2026-05-27,115000129,02 03 18 19 21
2026-05-28,115000130,06 09 12 19 31
2026-05-29,115000131,12 15 20 34 35
2026-05-30,115000132,02 03 04 13 39
2026-06-01,115000133,05 14 19 20 28
2026-06-02,115000134,07 12 22 26 30
2026-06-03,115000135,02 08 17 25 38
2026-06-04,115000136,02 08 24 29 35
2026-06-05,115000137,07 21 26 27 31
2026-06-06,115000138,13 27 30 37 38
2026-06-08,115000139,08 14 17 18 28
2026-06-09,115000140,10 17 20 25 28
2026-06-10,115000141,01 04 32 35 39
2026-06-11,115000142,08 15 20 29 31
2026-06-12,115000143,06 08 18 29 31
2026-06-13,115000144,04 05 06 34 36
2026-06-15,115000145,12 16 24 28 36
2026-06-16,115000146,05 17 23 25 29
2026-06-17,115000147,08 10 15 16 37
2026-06-18,115000148,09 20 27 28 30
2026-06-19,115000149,01 05 07 13 25
2026-06-20,115000150,04 11 24 25 31
2026-06-22,115000151,01 07 28 29 34
2026-06-23,115000152,02 14 25 29 36
2026-06-24,115000153,03 17 21 32 33
2026-06-25,115000154,06 13 21 29 34
2026-06-26,115000155,08 10 14 26 36
2026-06-27,115000156,04 14 21 31 32
2026-06-29,115000157,11 15 30 34 36
2026-06-30,115000158,03 11 23 26 37
2026-07-01,115000159,01 03 12 14 34
2026-07-02,115000160,01 06 08 13 30
2026-07-03,115000161,07 11 31 36 37
2026-07-04,115000162,02 10 15 31 37
2026-07-06,115000163,01 10 12 14 38
2026-07-07,115000164,09 21 24 27 34
2026-07-08,115000165,01 11 23 30 34
2026-07-09,115000166,18 22 28 35 37
2026-07-10,115000167,05 13 15 21 26
2026-07-11,115000168,10 25 27 35 38
2026-07-13,115000169,03 04 05 34 35
2026-07-14,115000170,01 06 13 15 37
2026-07-15,115000171,06 16 19 21 30
2026-07-16,115000172,13 25 28 30 31
2026-07-17,115000173,10 12 28 29 35
2026-07-18,115000174,18 29 33 34 37
2026-07-20,115000175,10 12 13 20 24
2026-07-21,115000176,12 19 27 37 39
2026-07-22,115000177,03 14 19 21 31
2026-07-23,115000178,12 14 19 25 26
2026-07-24,115000179,05 17 27 29 36
2026-07-25,115000180,08 12 16 23 39
2026-07-27,115000181,07 16 19 24 32
2026-07-28,115000182,05 08 13 23 31
2026-07-29,115000183,05 14 32 33 36
2026-07-30,115000184,04 07 08 16 38
2026-07-31,115000185,01 09 12 25 26
2026-08-01,115000186,06 11 18 22 29
2026-08-03,115000187,07 21 23 28 35
2026-08-04,115000188,09 32 35 37 39
2026-08-05,115000189,02 04 22 25 29
2026-08-06,115000190,03 09 16 24 35
2026-08-07,115000191,06 11 12 13 19
2026-08-08,115000192,05 11 24 31 32
2026-08-10,115000193,01 07 16 23 35
2026-08-11,115000194,07 17 19 23 30
2026-08-12,115000195,07 12 17 20 32
2026-08-13,115000196,05 11 12 17 18
2026-08-14,115000197,07 19 21 25 34
2026-08-15,115000198,12 14 21 35 37
2026-08-17,115000199,19 22 27 28 38
2026-08-18,115000200,05 06 10 28 39
2026-08-19,115000201,02 06 07 32 38
2026-08-20,115000202,04 14 27 32 34
2026-08-21,115000203,11 12 18 20 29
2026-08-22,115000204,09 10 29 30 34
